Workbook

Sheet README
A1: Incident Scenario Elicitation Workbook
A2: For the UCU Directorate of University ICT Services. Rule-constrained RL for IT incident triage (final-year project, Opol Charis).
A4: Purpose | B4: Collects what the simulator needs: causes and remedies, diagnostic checks, symptoms, context attributes, how likely each check and symptom is for each cause, and the operational rules.
A5: How to fill in | B5: Type or choose values only in YELLOW cells. Grey rows marked EXAMPLE are invented illustrations and are not counted. Blue cells are calculated; do not edit them.
A6: Order | B6: 1 Causes, 2 Checks, 3 Symptoms, 4 Context, 5 Check likelihoods, 6 Symptom likelihoods, 7 Rules, 8 Costs (optional). The Progress sheet shows what is complete.
A7: Likelihood scale | B7: Ratings are converted to probabilities on the Scale sheet (Never 0.05 to Almost always 0.95). Leave a cell blank or choose 'Unrelated' if the check or symptom has nothing to do with the cause; it then takes the default on the Scale sheet.
A8: Scale of the model | B8: About 15 causes (more if they can be described well; rows are provided for up to 25) in four provisional categories (application and interface; authentication and access; database; infrastructure and external services; please correct them), 20 checks, 10 rules (agreed scope). The number of symptoms and context attributes is open; 15 symptom rows and 6 context rows are provided.
A9: Recording sources | B9: Use the Source column to note who gave each judgement and how (interview, questionnaire, ticket records). Roles can be used instead of names.
A10: Confidentiality | B10: The content of this workbook is subject to the NDA with the Directorate. Do not publish any of it before checking that the NDA allows it.
A11: Completed by / date
A13: Legend
A14: Input (fill in)
A15: Example only (invented)
A16: Calculated (do not edit)
A17: Header

Sheet Progress
A1: Progress
A2: Calculated from the other sheets. Example rows are not counted.
A4: Item | B4: Completed | C4: Target | D4: Remaining
A5: Causes named | B5: =COUNTA(Causes!C6:C30) -> 0 | C5: 15 | D5: =IF(ISNUMBER(C5),MAX(C5-B5,0),"") -> 15
A6: Causes with a category | B6: =COUNTA(Causes!B6:B30) -> 0 | C6: 15 | D6: =IF(ISNUMBER(C6),MAX(C6-B6,0),"") -> 15
A7: Causes with a remedy | B7: =COUNTA(Causes!E6:E30) -> 0 | C7: 15 | D7: =IF(ISNUMBER(C7),MAX(C7-B7,0),"") -> 15
A8: Causes with a frequency rating | B8: =COUNTA(Causes!F6:F30) -> 0 | C8: 15 | D8: =IF(ISNUMBER(C8),MAX(C8-B8,0),"") -> 15
A9: Checks named | B9: =COUNTA(Checks!B6:B25) -> 0 | C9: 20 | D9: =IF(ISNUMBER(C9),MAX(C9-B9,0),"") -> 20
A10: Checks with an effort rating | B10: =COUNTA(Checks!E6:E25) -> 0 | C10: 20 | D10: =IF(ISNUMBER(C10),MAX(C10-B10,0),"") -> 20
A11: Symptoms named | B11: =COUNTA(Symptoms!B6:B20) -> 0 | C11: open | D11: =IF(ISNUMBER(C11),MAX(C11-B11,0),"")
A12: Context attributes named | B12: =COUNTA(Context!B6:B11) -> 2 | C12: open | D12: =IF(ISNUMBER(C12),MAX(C12-B12,0),"")
A13: Check likelihood cells rated (blank = default) | B13: =COUNTA('Check likelihoods'!D6:W30) -> 0 | C13: =MAX(15,B5)*20 -> 300 | D13: =IF(ISNUMBER(C13),MAX(C13-B13,0),"") -> 300
A14: Symptom likelihood cells rated (blank = default) | B14: =COUNTA('Symptom likelihoods'!D6:R30) -> 0 | C14: =B11*MAX(15,B5) -> 0 | D14: =IF(ISNUMBER(C14),MAX(C14-B14,0),"") -> 0
A15: Rules written | B15: =COUNTA(Rules!B6:B15) -> 0 | C15: 10 | D15: =IF(ISNUMBER(C15),MAX(C15-B15,0),"") -> 10
A17: Causes per category
A18: Application and interface | B18: =COUNTIF(Causes!$B$6:$B$30,A18) -> 0
A19: Authentication and access | B19: =COUNTIF(Causes!$B$6:$B$30,A19) -> 0
A20: Database | B20: =COUNTIF(Causes!$B$6:$B$30,A20) -> 0
A21: Infrastructure and external services | B21: =COUNTIF(Causes!$B$6:$B$30,A21) -> 0
A22: Total | B22: =SUM(B18:B21) -> 0

Sheet Scale
A1: Likelihood scale
A2: Verbal ratings and the probabilities they map to. Researcher's proposal (see Chapter Three); report the mapping and the default with the model.
A4: Rating | B4: Probability
A5: Never | B5: 0.05
A6: Rarely | B6: 0.25
A7: Sometimes | B7: 0.5
A8: Often | B8: 0.75
A9: Almost always | B9: 0.95
A10: Unrelated | B10: =B12 -> 0.05
A12: Default for blank / Unrelated | B12: 0.05
A14: Frequency ratings (Causes sheet)
A15: Very rare
A16: Rare
A17: Occasional
A18: Common
A19: Very common
A21: Effort (Checks sheet) | B21: How often (Checks sheet)
A22: Low | B22: Never
A23: Medium | B23: Rarely
A24: High | B24: Sometimes
B25: Often

Sheet Causes
A1: 1. Causes and remedies (about 15; rows for up to 25)
A2: One row per cause. Each cause has exactly one remedy: the action that resolves an incident with that cause.
A4: Cause ID | B4: Category | C4: Cause | D4: Description | E4: Remedy (one action) | F4: How common | G4: Approx. incidents per month (optional) | H4: Source | I4: Notes | J4: Approval the remedy needs
A5: EXAMPLE | B5: Authentication and access | C5: Expired service token | D5: API calls to a dependent service fail with 401 errors | E5: Renew the service token | F5: Occasional | G5: 2 | H5: Interview, senior developer | J5: Can be applied directly
A6: C01
A7: C02
A8: C03
A9: C04
A10: C05
A11: C06
A12: C07
A13: C08
A14: C09
A15: C10
A16: C11
A17: C12
... A30: C25

Sheet Checks
A1: 2. Diagnostic checks (20)
A2: Checks a technician can run to tell causes apart. Each is reduced to a positive or negative result.
A4: Check ID | B4: Check | C4: What it tests | D4: A POSITIVE result means | E4: Effort | F4: Approx. minutes | G4: Can be automated? | H4: How often unavailable | I4: How often misleading | J4: Source | K4: Notes | L4: Where the evidence comes from
A5: EXAMPLE | B5: 401 errors in API logs | C5: Whether calls to the dependent service are being rejected | D5: 401 errors present in the last 15 minutes | E5: Low | F5: 2 | G5: Yes | H5: Rarely | I5: Rarely | J5: Interview, senior developer | L5: Application or API logs
A6: D01
A7: D02
A8: D03
A9: D04
A10: D05
A11: D06
A12: D07
A13: D08
A14: D09
A15: D10
A16: D11
A17: D12
... A25: D20

Sheet Symptoms
A1: 3. Symptoms (fixed list)
A2: How incidents are first reported, as a fixed list of indicators (like ticket-form options), not free text. Leave unused rows blank.
A4: Symptom ID | B4: Symptom | C4: How it is usually reported | D4: Source | E4: Notes
A5: EXAMPLE | B5: Requests to a function return server errors (5xx) | C5: Error responses in the API logs; users report the page failing | D5: Interview, senior developer
A6: S01
A7: S02
A8: S03
A9: S04
A10: S05
A11: S06
A12: S07
A13: S08
A14: S09
A15: S10
A16: S11
A17: S12
... A20: S15

Sheet Context
A1: 4. Context attributes
A2: Facts about an incident that the rules refer to and the agent can see. Two are suggested; edit, remove or add.
A4: Attribute ID | B4: Attribute | C4: Possible values (comma-separated) | D4: Used by rule(s) | E4: Source | F4: Notes
A5: EXAMPLE | B5: Affected system is production | C5: Yes, No | D5: R01 | E5: Interview
A6: X01 | B6: Affected system is production
A7: X02 | B7: Priority | F7: Levels to be confirmed by the Directorate
A8: X03
A9: X04
A10: X05
A11: X06

Sheet Check likelihoods
A1: 5. How likely is each check to be POSITIVE when this cause is present?
A2: Choose a rating in each yellow cell. Start with checks related to the cause's category; leave unrelated pairs blank.
D3: Rows: causes (from Causes). Columns: checks (from Checks). Headers fill in automatically.
A4: Cause ID | B4: Category | C4: Cause | D4: =Checks!A6&IF(Checks!B6="",""," "&Checks!B6) -> D01 | E4: =Checks!A7&IF(Checks!B7="",""," "&Checks!B7) -> D02 | F4: =Checks!A8&IF(Checks!B8="",""," "&Checks!B8) -> D03 | G4: =Checks!A9&IF(Checks!B9="",""," "&Checks!B9) -> D04 | H4: =Checks!A10&IF(Checks!B10="",""," "&Checks!B10) -> D05 | I4: =Checks!A11&IF(Checks!B11="",""," "&Checks!B11) -> D06 | J4: =Checks!A12&IF(Checks!B12="",""," "&Checks!B12) -> D07 | K4: =Checks!A13&IF(Checks!B13="",""," "&Checks!B13) -> D08 | L4: =Checks!A14&IF(Checks!B14="",""," "&Checks!B14) -> D09 | M4: =Checks!A15&IF(Checks!B15="",""," "&Checks!B15) -> D10 | N4: =Checks!A16&IF(Checks!B16="",""," "&Checks!B16) -> D11 | O4: =Checks!A17&IF(Checks!B17="",""," "&Checks!B17) -> D12 | P4: =Checks!A18&IF(Checks!B18="",""," "&Checks!B18) -> D13 | Q4: =Checks!A19&IF(Checks!B19="",""," "&Checks!B19) -> D14 | R4: =Checks!A20&IF(Checks!B20="",""," "&Checks!B20) -> D15 | S4: =Checks!A21&IF(Checks!B21="",""," "&Checks!B21) -> D16 | T4: =Checks!A22&IF(Checks!B22="",""," "&Checks!B22) -> D17 | U4: =Checks!A23&IF(Checks!B23="",""," "&Checks!B23) -> D18 | V4: =Checks!A24&IF(Checks!B24="",""," "&Checks!B24) -> D19 | W4: =Checks!A25&IF(Checks!B25="",""," "&Checks!B25) -> D20
A6: =Causes!A6 -> C01 | B6: =IF(Causes!B6="","",Causes!B6) | C6: =IF(Causes!C6="","",Causes!C6)
A7: =Causes!A7 -> C02 | B7: =IF(Causes!B7="","",Causes!B7) | C7: =IF(Causes!C7="","",Causes!C7)
A8: =Causes!A8 -> C03 | B8: =IF(Causes!B8="","",Causes!B8) | C8: =IF(Causes!C8="","",Causes!C8)
A9: =Causes!A9 -> C04 | B9: =IF(Causes!B9="","",Causes!B9) | C9: =IF(Causes!C9="","",Causes!C9)
A10: =Causes!A10 -> C05 | B10: =IF(Causes!B10="","",Causes!B10) | C10: =IF(Causes!C10="","",Causes!C10)
A11: =Causes!A11 -> C06 | B11: =IF(Causes!B11="","",Causes!B11) | C11: =IF(Causes!C11="","",Causes!C11)
A12: =Causes!A12 -> C07 | B12: =IF(Causes!B12="","",Causes!B12) | C12: =IF(Causes!C12="","",Causes!C12)
A13: =Causes!A13 -> C08 | B13: =IF(Causes!B13="","",Causes!B13) | C13: =IF(Causes!C13="","",Causes!C13)
A14: =Causes!A14 -> C09 | B14: =IF(Causes!B14="","",Causes!B14) | C14: =IF(Causes!C14="","",Causes!C14)
A15: =Causes!A15 -> C10 | B15: =IF(Causes!B15="","",Causes!B15) | C15: =IF(Causes!C15="","",Causes!C15)
A16: =Causes!A16 -> C11 | B16: =IF(Causes!B16="","",Causes!B16) | C16: =IF(Causes!C16="","",Causes!C16)
A17: =Causes!A17 -> C12 | B17: =IF(Causes!B17="","",Causes!B17) | C17: =IF(Causes!C17="","",Causes!C17)
... A30: =Causes!A30 -> C25 | B30: =IF(Causes!B30="","",Causes!B30) | C30: =IF(Causes!C30="","",Causes!C30)

Sheet Symptom likelihoods
A1: 6. How likely is each symptom to be PRESENT when this cause is present?
A2: Choose a rating in each yellow cell for the symptoms you listed; leave unrelated pairs blank.
D3: Rows: causes (from Causes). Columns: symptoms (from Symptoms). Headers fill in automatically.
A4: Cause ID | B4: Category | C4: Cause | D4: =Symptoms!A6&IF(Symptoms!B6="",""," "&Symptoms!B6) -> S01 | E4: =Symptoms!A7&IF(Symptoms!B7="",""," "&Symptoms!B7) -> S02 | F4: =Symptoms!A8&IF(Symptoms!B8="",""," "&Symptoms!B8) -> S03 | G4: =Symptoms!A9&IF(Symptoms!B9="",""," "&Symptoms!B9) -> S04 | H4: =Symptoms!A10&IF(Symptoms!B10="",""," "&Symptoms!B10) -> S05 | I4: =Symptoms!A11&IF(Symptoms!B11="",""," "&Symptoms!B11) -> S06 | J4: =Symptoms!A12&IF(Symptoms!B12="",""," "&Symptoms!B12) -> S07 | K4: =Symptoms!A13&IF(Symptoms!B13="",""," "&Symptoms!B13) -> S08 | L4: =Symptoms!A14&IF(Symptoms!B14="",""," "&Symptoms!B14) -> S09 | M4: =Symptoms!A15&IF(Symptoms!B15="",""," "&Symptoms!B15) -> S10 | N4: =Symptoms!A16&IF(Symptoms!B16="",""," "&Symptoms!B16) -> S11 | O4: =Symptoms!A17&IF(Symptoms!B17="",""," "&Symptoms!B17) -> S12 | P4: =Symptoms!A18&IF(Symptoms!B18="",""," "&Symptoms!B18) -> S13 | Q4: =Symptoms!A19&IF(Symptoms!B19="",""," "&Symptoms!B19) -> S14 | R4: =Symptoms!A20&IF(Symptoms!B20="",""," "&Symptoms!B20) -> S15
A6: =Causes!A6 -> C01 | B6: =IF(Causes!B6="","",Causes!B6) | C6: =IF(Causes!C6="","",Causes!C6)
A7: =Causes!A7 -> C02 | B7: =IF(Causes!B7="","",Causes!B7) | C7: =IF(Causes!C7="","",Causes!C7)
A8: =Causes!A8 -> C03 | B8: =IF(Causes!B8="","",Causes!B8) | C8: =IF(Causes!C8="","",Causes!C8)
A9: =Causes!A9 -> C04 | B9: =IF(Causes!B9="","",Causes!B9) | C9: =IF(Causes!C9="","",Causes!C9)
A10: =Causes!A10 -> C05 | B10: =IF(Causes!B10="","",Causes!B10) | C10: =IF(Causes!C10="","",Causes!C10)
A11: =Causes!A11 -> C06 | B11: =IF(Causes!B11="","",Causes!B11) | C11: =IF(Causes!C11="","",Causes!C11)
A12: =Causes!A12 -> C07 | B12: =IF(Causes!B12="","",Causes!B12) | C12: =IF(Causes!C12="","",Causes!C12)
A13: =Causes!A13 -> C08 | B13: =IF(Causes!B13="","",Causes!B13) | C13: =IF(Causes!C13="","",Causes!C13)
A14: =Causes!A14 -> C09 | B14: =IF(Causes!B14="","",Causes!B14) | C14: =IF(Causes!C14="","",Causes!C14)
A15: =Causes!A15 -> C10 | B15: =IF(Causes!B15="","",Causes!B15) | C15: =IF(Causes!C15="","",Causes!C15)
A16: =Causes!A16 -> C11 | B16: =IF(Causes!B16="","",Causes!B16) | C16: =IF(Causes!C16="","",Causes!C16)
A17: =Causes!A17 -> C12 | B17: =IF(Causes!B17="","",Causes!B17) | C17: =IF(Causes!C17="","",Causes!C17)
... A30: =Causes!A30 -> C25 | B30: =IF(Causes!B30="","",Causes!B30) | C30: =IF(Causes!C30="","",Causes!C30)

Sheet Check probabilities
A1: Check probabilities (calculated)
A2: Calculated from 'Check likelihoods' and the Scale sheet. This is what the simulator reads. Do not edit.
A4: Cause ID | B4: Category | C4: Cause | D4: ='Check likelihoods'!D4 -> D01 | E4: ='Check likelihoods'!E4 -> D02 | F4: ='Check likelihoods'!F4 -> D03 | G4: ='Check likelihoods'!G4 -> D04 | H4: ='Check likelihoods'!H4 -> D05 | I4: ='Check likelihoods'!I4 -> D06 | J4: ='Check likelihoods'!J4 -> D07 | K4: ='Check likelihoods'!K4 -> D08 | ... W4: ='Check likelihoods'!W4 -> D20
A6: ='Check likelihoods'!A6 -> C01 | B6: ='Check likelihoods'!B6 | C6: ='Check likelihoods'!C6 | D6: =IF('Check likelihoods'!D6="",Scale!$B$12,IFERROR(INDEX(Scale!$B$5:$B$10,MATCH('Check likelihoods'!D6,Scale!$A$5:$A$10,0)),Scale!$B$12)) -> 0.05 | E6: =IF('Check likelihoods'!E6="",Scale!$B$12,IFERROR(INDEX(Scale!$B$5:$B$10,MATCH('Check likelihoods'!E6,Scale!$A$5:$A$10,0)),Scale!$B$12)) -> 0.05 | F6: =IF('Check likelihoods'!F6="",Scale!$B$12,IFERROR(INDEX(Scale!$B$5:$B$10,MATCH('Check likelihoods'!F6,Scale!$A$5:$A$10,0)),Scale!$B$12)) -> 0.05 | G6: =IF('Check likelihoods'!G6="",Scale!$B$12,IFERROR(INDEX(Scale!$B$5:$B$10,MATCH('Check likelihoods'!G6,Scale!$A$5:$A$10,0)),Scale!$B$12)) -> 0.05 | H6: =IF('Check likelihoods'!H6="",Scale!$B$12,IFERROR(INDEX(Scale!$B$5:$B$10,MATCH('Check likelihoods'!H6,Scale!$A$5:$A$10,0)),Scale!$B$12)) -> 0.05 | I6: =IF('Check likelihoods'!I6="",Scale!$B$12,IFERROR(INDEX(Scale!$B$5:$B$10,MATCH('Check likelihoods'!I6,Scale!$A$5:$A$10,0)),Scale!$B$12)) -> 0.05 | J6: =IF('Check likelihoods'!J6="",Scale!$B$12,IFERROR(INDEX(Scale!$B$5:$B$10,MATCH('Check likelihoods'!J6,Scale!$A$5:$A$10,0)),Scale!$B$12)) -> 0.05 | K6: =IF('Check likelihoods'!K6="",Scale!$B$12,IFERROR(INDEX(Scale!$B$5:$B$10,MATCH('Check likelihoods'!K6,Scale!$A$5:$A$10,0)),Scale!$B$12)) -> 0.05 | ... W6: =IF('Check likelihoods'!W6="",Scale!$B$12,IFERROR(INDEX(Scale!$B$5:$B$10,MATCH('Check likelihoods'!W6,Scale!$A$5:$A$10,0)),Scale!$B$12)) -> 0.05
A7: ='Check likelihoods'!A7 -> C02 | B7: ='Check likelihoods'!B7 | C7: ='Check likelihoods'!C7 | D7: =IF('Check likelihoods'!D7="",Scale!$B$12,IFERROR(INDEX(Scale!$B$5:$B$10,MATCH('Check likelihoods'!D7,Scale!$A$5:$A$10,0)),Scale!$B$12)) -> 0.05 | E7: =IF('Check likelihoods'!E7="",Scale!$B$12,IFERROR(INDEX(Scale!$B$5:$B$10,MATCH('Check likelihoods'!E7,Scale!$A$5:$A$10,0)),Scale!$B$12)) -> 0.05 | F7: =IF('Check likelihoods'!F7="",Scale!$B$12,IFERROR(INDEX(Scale!$B$5:$B$10,MATCH('Check likelihoods'!F7,Scale!$A$5:$A$10,0)),Scale!$B$12)) -> 0.05 | G7: =IF('Check likelihoods'!G7="",Scale!$B$12,IFERROR(INDEX(Scale!$B$5:$B$10,MATCH('Check likelihoods'!G7,Scale!$A$5:$A$10,0)),Scale!$B$12)) -> 0.05 | H7: =IF('Check likelihoods'!H7="",Scale!$B$12,IFERROR(INDEX(Scale!$B$5:$B$10,MATCH('Check likelihoods'!H7,Scale!$A$5:$A$10,0)),Scale!$B$12)) -> 0.05 | I7: =IF('Check likelihoods'!I7="",Scale!$B$12,IFERROR(INDEX(Scale!$B$5:$B$10,MATCH('Check likelihoods'!I7,Scale!$A$5:$A$10,0)),Scale!$B$12)) -> 0.05 | J7: =IF('Check likelihoods'!J7="",Scale!$B$12,IFERROR(INDEX(Scale!$B$5:$B$10,MATCH('Check likelihoods'!J7,Scale!$A$5:$A$10,0)),Scale!$B$12)) -> 0.05 | K7: =IF('Check likelihoods'!K7="",Scale!$B$12,IFERROR(INDEX(Scale!$B$5:$B$10,MATCH('Check likelihoods'!K7,Scale!$A$5:$A$10,0)),Scale!$B$12)) -> 0.05 | ... W7: =IF('Check likelihoods'!W7="",Scale!$B$12,IFERROR(INDEX(Scale!$B$5:$B$10,MATCH('Check likelihoods'!W7,Scale!$A$5:$A$10,0)),Scale!$B$12)) -> 0.05
A8: ='Check likelihoods'!A8 -> C03 | B8: ='Check likelihoods'!B8 | C8: ='Check likelihoods'!C8 | D8: =IF('Check likelihoods'!D8="",Scale!$B$12,IFERROR(INDEX(Scale!$B$5:$B$10,MATCH('Check likelihoods'!D8,Scale!$A$5:$A$10,0)),Scale!$B$12)) -> 0.05 | E8: =IF('Check likelihoods'!E8="",Scale!$B$12,IFERROR(INDEX(Scale!$B$5:$B$10,MATCH('Check likelihoods'!E8,Scale!$A$5:$A$10,0)),Scale!$B$12)) -> 0.05 | F8: =IF('Check likelihoods'!F8="",Scale!$B$12,IFERROR(INDEX(Scale!$B$5:$B$10,MATCH('Check likelihoods'!F8,Scale!$A$5:$A$10,0)),Scale!$B$12)) -> 0.05 | G8: =IF('Check likelihoods'!G8="",Scale!$B$12,IFERROR(INDEX(Scale!$B$5:$B$10,MATCH('Check likelihoods'!G8,Scale!$A$5:$A$10,0)),Scale!$B$12)) -> 0.05 | H8: =IF('Check likelihoods'!H8="",Scale!$B$12,IFERROR(INDEX(Scale!$B$5:$B$10,MATCH('Check likelihoods'!H8,Scale!$A$5:$A$10,0)),Scale!$B$12)) -> 0.05 | I8: =IF('Check likelihoods'!I8="",Scale!$B$12,IFERROR(INDEX(Scale!$B$5:$B$10,MATCH('Check likelihoods'!I8,Scale!$A$5:$A$10,0)),Scale!$B$12)) -> 0.05 | J8: =IF('Check likelihoods'!J8="",Scale!$B$12,IFERROR(INDEX(Scale!$B$5:$B$10,MATCH('Check likelihoods'!J8,Scale!$A$5:$A$10,0)),Scale!$B$12)) -> 0.05 | K8: =IF('Check likelihoods'!K8="",Scale!$B$12,IFERROR(INDEX(Scale!$B$5:$B$10,MATCH('Check likelihoods'!K8,Scale!$A$5:$A$10,0)),Scale!$B$12)) -> 0.05 | ... W8: =IF('Check likelihoods'!W8="",Scale!$B$12,IFERROR(INDEX(Scale!$B$5:$B$10,MATCH('Check likelihoods'!W8,Scale!$A$5:$A$10,0)),Scale!$B$12)) -> 0.05
A9: ='Check likelihoods'!A9 -> C04 | B9: ='Check likelihoods'!B9 | C9: ='Check likelihoods'!C9 | D9: =IF('Check likelihoods'!D9="",Scale!$B$12,IFERROR(INDEX(Scale!$B$5:$B$10,MATCH('Check likelihoods'!D9,Scale!$A$5:$A$10,0)),Scale!$B$12)) -> 0.05 | E9: =IF('Check likelihoods'!E9="",Scale!$B$12,IFERROR(INDEX(Scale!$B$5:$B$10,MATCH('Check likelihoods'!E9,Scale!$A$5:$A$10,0)),Scale!$B$12)) -> 0.05 | F9: =IF('Check likelihoods'!F9="",Scale!$B$12,IFERROR(INDEX(Scale!$B$5:$B$10,MATCH('Check likelihoods'!F9,Scale!$A$5:$A$10,0)),Scale!$B$12)) -> 0.05 | G9: =IF('Check likelihoods'!G9="",Scale!$B$12,IFERROR(INDEX(Scale!$B$5:$B$10,MATCH('Check likelihoods'!G9,Scale!$A$5:$A$10,0)),Scale!$B$12)) -> 0.05 | H9: =IF('Check likelihoods'!H9="",Scale!$B$12,IFERROR(INDEX(Scale!$B$5:$B$10,MATCH('Check likelihoods'!H9,Scale!$A$5:$A$10,0)),Scale!$B$12)) -> 0.05 | I9: =IF('Check likelihoods'!I9="",Scale!$B$12,IFERROR(INDEX(Scale!$B$5:$B$10,MATCH('Check likelihoods'!I9,Scale!$A$5:$A$10,0)),Scale!$B$12)) -> 0.05 | J9: =IF('Check likelihoods'!J9="",Scale!$B$12,IFERROR(INDEX(Scale!$B$5:$B$10,MATCH('Check likelihoods'!J9,Scale!$A$5:$A$10,0)),Scale!$B$12)) -> 0.05 | K9: =IF('Check likelihoods'!K9="",Scale!$B$12,IFERROR(INDEX(Scale!$B$5:$B$10,MATCH('Check likelihoods'!K9,Scale!$A$5:$A$10,0)),Scale!$B$12)) -> 0.05 | ... W9: =IF('Check likelihoods'!W9="",Scale!$B$12,IFERROR(INDEX(Scale!$B$5:$B$10,MATCH('Check likelihoods'!W9,Scale!$A$5:$A$10,0)),Scale!$B$12)) -> 0.05
A10: ='Check likelihoods'!A10 -> C05 | B10: ='Check likelihoods'!B10 | C10: ='Check likelihoods'!C10 | D10: =IF('Check likelihoods'!D10="",Scale!$B$12,IFERROR(INDEX(Scale!$B$5:$B$10,MATCH('Check likelihoods'!D10,Scale!$A$5:$A$10,0)),Scale!$B$12)) -> 0.05 | E10: =IF('Check likelihoods'!E10="",Scale!$B$12,IFERROR(INDEX(Scale!$B$5:$B$10,MATCH('Check likelihoods'!E10,Scale!$A$5:$A$10,0)),Scale!$B$12)) -> 0.05 | F10: =IF('Check likelihoods'!F10="",Scale!$B$12,IFERROR(INDEX(Scale!$B$5:$B$10,MATCH('Check likelihoods'!F10,Scale!$A$5:$A$10,0)),Scale!$B$12)) -> 0.05 | G10: =IF('Check likelihoods'!G10="",Scale!$B$12,IFERROR(INDEX(Scale!$B$5:$B$10,MATCH('Check likelihoods'!G10,Scale!$A$5:$A$10,0)),Scale!$B$12)) -> 0.05 | H10: =IF('Check likelihoods'!H10="",Scale!$B$12,IFERROR(INDEX(Scale!$B$5:$B$10,MATCH('Check likelihoods'!H10,Scale!$A$5:$A$10,0)),Scale!$B$12)) -> 0.05 | I10: =IF('Check likelihoods'!I10="",Scale!$B$12,IFERROR(INDEX(Scale!$B$5:$B$10,MATCH('Check likelihoods'!I10,Scale!$A$5:$A$10,0)),Scale!$B$12)) -> 0.05 | J10: =IF('Check likelihoods'!J10="",Scale!$B$12,IFERROR(INDEX(Scale!$B$5:$B$10,MATCH('Check likelihoods'!J10,Scale!$A$5:$A$10,0)),Scale!$B$12)) -> 0.05 | K10: =IF('Check likelihoods'!K10="",Scale!$B$12,IFERROR(INDEX(Scale!$B$5:$B$10,MATCH('Check likelihoods'!K10,Scale!$A$5:$A$10,0)),Scale!$B$12)) -> 0.05 | ... W10: =IF('Check likelihoods'!W10="",Scale!$B$12,IFERROR(INDEX(Scale!$B$5:$B$10,MATCH('Check likelihoods'!W10,Scale!$A$5:$A$10,0)),Scale!$B$12)) -> 0.05
A11: ='Check likelihoods'!A11 -> C06 | B11: ='Check likelihoods'!B11 | C11: ='Check likelihoods'!C11 | D11: =IF('Check likelihoods'!D11="",Scale!$B$12,IFERROR(INDEX(Scale!$B$5:$B$10,MATCH('Check likelihoods'!D11,Scale!$A$5:$A$10,0)),Scale!$B$12)) -> 0.05 | E11: =IF('Check likelihoods'!E11="",Scale!$B$12,IFERROR(INDEX(Scale!$B$5:$B$10,MATCH('Check likelihoods'!E11,Scale!$A$5:$A$10,0)),Scale!$B$12)) -> 0.05 | F11: =IF('Check likelihoods'!F11="",Scale!$B$12,IFERROR(INDEX(Scale!$B$5:$B$10,MATCH('Check likelihoods'!F11,Scale!$A$5:$A$10,0)),Scale!$B$12)) -> 0.05 | G11: =IF('Check likelihoods'!G11="",Scale!$B$12,IFERROR(INDEX(Scale!$B$5:$B$10,MATCH('Check likelihoods'!G11,Scale!$A$5:$A$10,0)),Scale!$B$12)) -> 0.05 | H11: =IF('Check likelihoods'!H11="",Scale!$B$12,IFERROR(INDEX(Scale!$B$5:$B$10,MATCH('Check likelihoods'!H11,Scale!$A$5:$A$10,0)),Scale!$B$12)) -> 0.05 | I11: =IF('Check likelihoods'!I11="",Scale!$B$12,IFERROR(INDEX(Scale!$B$5:$B$10,MATCH('Check likelihoods'!I11,Scale!$A$5:$A$10,0)),Scale!$B$12)) -> 0.05 | J11: =IF('Check likelihoods'!J11="",Scale!$B$12,IFERROR(INDEX(Scale!$B$5:$B$10,MATCH('Check likelihoods'!J11,Scale!$A$5:$A$10,0)),Scale!$B$12)) -> 0.05 | K11: =IF('Check likelihoods'!K11="",Scale!$B$12,IFERROR(INDEX(Scale!$B$5:$B$10,MATCH('Check likelihoods'!K11,Scale!$A$5:$A$10,0)),Scale!$B$12)) -> 0.05 | ... W11: =IF('Check likelihoods'!W11="",Scale!$B$12,IFERROR(INDEX(Scale!$B$5:$B$10,MATCH('Check likelihoods'!W11,Scale!$A$5:$A$10,0)),Scale!$B$12)) -> 0.05
A12: ='Check likelihoods'!A12 -> C07 | B12: ='Check likelihoods'!B12 | C12: ='Check likelihoods'!C12 | D12: =IF('Check likelihoods'!D12="",Scale!$B$12,IFERROR(INDEX(Scale!$B$5:$B$10,MATCH('Check likelihoods'!D12,Scale!$A$5:$A$10,0)),Scale!$B$12)) -> 0.05 | E12: =IF('Check likelihoods'!E12="",Scale!$B$12,IFERROR(INDEX(Scale!$B$5:$B$10,MATCH('Check likelihoods'!E12,Scale!$A$5:$A$10,0)),Scale!$B$12)) -> 0.05 | F12: =IF('Check likelihoods'!F12="",Scale!$B$12,IFERROR(INDEX(Scale!$B$5:$B$10,MATCH('Check likelihoods'!F12,Scale!$A$5:$A$10,0)),Scale!$B$12)) -> 0.05 | G12: =IF('Check likelihoods'!G12="",Scale!$B$12,IFERROR(INDEX(Scale!$B$5:$B$10,MATCH('Check likelihoods'!G12,Scale!$A$5:$A$10,0)),Scale!$B$12)) -> 0.05 | H12: =IF('Check likelihoods'!H12="",Scale!$B$12,IFERROR(INDEX(Scale!$B$5:$B$10,MATCH('Check likelihoods'!H12,Scale!$A$5:$A$10,0)),Scale!$B$12)) -> 0.05 | I12: =IF('Check likelihoods'!I12="",Scale!$B$12,IFERROR(INDEX(Scale!$B$5:$B$10,MATCH('Check likelihoods'!I12,Scale!$A$5:$A$10,0)),Scale!$B$12)) -> 0.05 | J12: =IF('Check likelihoods'!J12="",Scale!$B$12,IFERROR(INDEX(Scale!$B$5:$B$10,MATCH('Check likelihoods'!J12,Scale!$A$5:$A$10,0)),Scale!$B$12)) -> 0.05 | K12: =IF('Check likelihoods'!K12="",Scale!$B$12,IFERROR(INDEX(Scale!$B$5:$B$10,MATCH('Check likelihoods'!K12,Scale!$A$5:$A$10,0)),Scale!$B$12)) -> 0.05 | ... W12: =IF('Check likelihoods'!W12="",Scale!$B$12,IFERROR(INDEX(Scale!$B$5:$B$10,MATCH('Check likelihoods'!W12,Scale!$A$5:$A$10,0)),Scale!$B$12)) -> 0.05
A13: ='Check likelihoods'!A13 -> C08 | B13: ='Check likelihoods'!B13 | C13: ='Check likelihoods'!C13 | D13: =IF('Check likelihoods'!D13="",Scale!$B$12,IFERROR(INDEX(Scale!$B$5:$B$10,MATCH('Check likelihoods'!D13,Scale!$A$5:$A$10,0)),Scale!$B$12)) -> 0.05 | E13: =IF('Check likelihoods'!E13="",Scale!$B$12,IFERROR(INDEX(Scale!$B$5:$B$10,MATCH('Check likelihoods'!E13,Scale!$A$5:$A$10,0)),Scale!$B$12)) -> 0.05 | F13: =IF('Check likelihoods'!F13="",Scale!$B$12,IFERROR(INDEX(Scale!$B$5:$B$10,MATCH('Check likelihoods'!F13,Scale!$A$5:$A$10,0)),Scale!$B$12)) -> 0.05 | G13: =IF('Check likelihoods'!G13="",Scale!$B$12,IFERROR(INDEX(Scale!$B$5:$B$10,MATCH('Check likelihoods'!G13,Scale!$A$5:$A$10,0)),Scale!$B$12)) -> 0.05 | H13: =IF('Check likelihoods'!H13="",Scale!$B$12,IFERROR(INDEX(Scale!$B$5:$B$10,MATCH('Check likelihoods'!H13,Scale!$A$5:$A$10,0)),Scale!$B$12)) -> 0.05 | I13: =IF('Check likelihoods'!I13="",Scale!$B$12,IFERROR(INDEX(Scale!$B$5:$B$10,MATCH('Check likelihoods'!I13,Scale!$A$5:$A$10,0)),Scale!$B$12)) -> 0.05 | J13: =IF('Check likelihoods'!J13="",Scale!$B$12,IFERROR(INDEX(Scale!$B$5:$B$10,MATCH('Check likelihoods'!J13,Scale!$A$5:$A$10,0)),Scale!$B$12)) -> 0.05 | K13: =IF('Check likelihoods'!K13="",Scale!$B$12,IFERROR(INDEX(Scale!$B$5:$B$10,MATCH('Check likelihoods'!K13,Scale!$A$5:$A$10,0)),Scale!$B$12)) -> 0.05 | ... W13: =IF('Check likelihoods'!W13="",Scale!$B$12,IFERROR(INDEX(Scale!$B$5:$B$10,MATCH('Check likelihoods'!W13,Scale!$A$5:$A$10,0)),Scale!$B$12)) -> 0.05
A14: ='Check likelihoods'!A14 -> C09 | B14: ='Check likelihoods'!B14 | C14: ='Check likelihoods'!C14 | D14: =IF('Check likelihoods'!D14="",Scale!$B$12,IFERROR(INDEX(Scale!$B$5:$B$10,MATCH('Check likelihoods'!D14,Scale!$A$5:$A$10,0)),Scale!$B$12)) -> 0.05 | E14: =IF('Check likelihoods'!E14="",Scale!$B$12,IFERROR(INDEX(Scale!$B$5:$B$10,MATCH('Check likelihoods'!E14,Scale!$A$5:$A$10,0)),Scale!$B$12)) -> 0.05 | F14: =IF('Check likelihoods'!F14="",Scale!$B$12,IFERROR(INDEX(Scale!$B$5:$B$10,MATCH('Check likelihoods'!F14,Scale!$A$5:$A$10,0)),Scale!$B$12)) -> 0.05 | G14: =IF('Check likelihoods'!G14="",Scale!$B$12,IFERROR(INDEX(Scale!$B$5:$B$10,MATCH('Check likelihoods'!G14,Scale!$A$5:$A$10,0)),Scale!$B$12)) -> 0.05 | H14: =IF('Check likelihoods'!H14="",Scale!$B$12,IFERROR(INDEX(Scale!$B$5:$B$10,MATCH('Check likelihoods'!H14,Scale!$A$5:$A$10,0)),Scale!$B$12)) -> 0.05 | I14: =IF('Check likelihoods'!I14="",Scale!$B$12,IFERROR(INDEX(Scale!$B$5:$B$10,MATCH('Check likelihoods'!I14,Scale!$A$5:$A$10,0)),Scale!$B$12)) -> 0.05 | J14: =IF('Check likelihoods'!J14="",Scale!$B$12,IFERROR(INDEX(Scale!$B$5:$B$10,MATCH('Check likelihoods'!J14,Scale!$A$5:$A$10,0)),Scale!$B$12)) -> 0.05 | K14: =IF('Check likelihoods'!K14="",Scale!$B$12,IFERROR(INDEX(Scale!$B$5:$B$10,MATCH('Check likelihoods'!K14,Scale!$A$5:$A$10,0)),Scale!$B$12)) -> 0.05 | ... W14: =IF('Check likelihoods'!W14="",Scale!$B$12,IFERROR(INDEX(Scale!$B$5:$B$10,MATCH('Check likelihoods'!W14,Scale!$A$5:$A$10,0)),Scale!$B$12)) -> 0.05
A15: ='Check likelihoods'!A15 -> C10 | B15: ='Check likelihoods'!B15 | C15: ='Check likelihoods'!C15 | D15: =IF('Check likelihoods'!D15="",Scale!$B$12,IFERROR(INDEX(Scale!$B$5:$B$10,MATCH('Check likelihoods'!D15,Scale!$A$5:$A$10,0)),Scale!$B$12)) -> 0.05 | E15: =IF('Check likelihoods'!E15="",Scale!$B$12,IFERROR(INDEX(Scale!$B$5:$B$10,MATCH('Check likelihoods'!E15,Scale!$A$5:$A$10,0)),Scale!$B$12)) -> 0.05 | F15: =IF('Check likelihoods'!F15="",Scale!$B$12,IFERROR(INDEX(Scale!$B$5:$B$10,MATCH('Check likelihoods'!F15,Scale!$A$5:$A$10,0)),Scale!$B$12)) -> 0.05 | G15: =IF('Check likelihoods'!G15="",Scale!$B$12,IFERROR(INDEX(Scale!$B$5:$B$10,MATCH('Check likelihoods'!G15,Scale!$A$5:$A$10,0)),Scale!$B$12)) -> 0.05 | H15: =IF('Check likelihoods'!H15="",Scale!$B$12,IFERROR(INDEX(Scale!$B$5:$B$10,MATCH('Check likelihoods'!H15,Scale!$A$5:$A$10,0)),Scale!$B$12)) -> 0.05 | I15: =IF('Check likelihoods'!I15="",Scale!$B$12,IFERROR(INDEX(Scale!$B$5:$B$10,MATCH('Check likelihoods'!I15,Scale!$A$5:$A$10,0)),Scale!$B$12)) -> 0.05 | J15: =IF('Check likelihoods'!J15="",Scale!$B$12,IFERROR(INDEX(Scale!$B$5:$B$10,MATCH('Check likelihoods'!J15,Scale!$A$5:$A$10,0)),Scale!$B$12)) -> 0.05 | K15: =IF('Check likelihoods'!K15="",Scale!$B$12,IFERROR(INDEX(Scale!$B$5:$B$10,MATCH('Check likelihoods'!K15,Scale!$A$5:$A$10,0)),Scale!$B$12)) -> 0.05 | ... W15: =IF('Check likelihoods'!W15="",Scale!$B$12,IFERROR(INDEX(Scale!$B$5:$B$10,MATCH('Check likelihoods'!W15,Scale!$A$5:$A$10,0)),Scale!$B$12)) -> 0.05
A16: ='Check likelihoods'!A16 -> C11 | B16: ='Check likelihoods'!B16 | C16: ='Check likelihoods'!C16 | D16: =IF('Check likelihoods'!D16="",Scale!$B$12,IFERROR(INDEX(Scale!$B$5:$B$10,MATCH('Check likelihoods'!D16,Scale!$A$5:$A$10,0)),Scale!$B$12)) -> 0.05 | E16: =IF('Check likelihoods'!E16="",Scale!$B$12,IFERROR(INDEX(Scale!$B$5:$B$10,MATCH('Check likelihoods'!E16,Scale!$A$5:$A$10,0)),Scale!$B$12)) -> 0.05 | F16: =IF('Check likelihoods'!F16="",Scale!$B$12,IFERROR(INDEX(Scale!$B$5:$B$10,MATCH('Check likelihoods'!F16,Scale!$A$5:$A$10,0)),Scale!$B$12)) -> 0.05 | G16: =IF('Check likelihoods'!G16="",Scale!$B$12,IFERROR(INDEX(Scale!$B$5:$B$10,MATCH('Check likelihoods'!G16,Scale!$A$5:$A$10,0)),Scale!$B$12)) -> 0.05 | H16: =IF('Check likelihoods'!H16="",Scale!$B$12,IFERROR(INDEX(Scale!$B$5:$B$10,MATCH('Check likelihoods'!H16,Scale!$A$5:$A$10,0)),Scale!$B$12)) -> 0.05 | I16: =IF('Check likelihoods'!I16="",Scale!$B$12,IFERROR(INDEX(Scale!$B$5:$B$10,MATCH('Check likelihoods'!I16,Scale!$A$5:$A$10,0)),Scale!$B$12)) -> 0.05 | J16: =IF('Check likelihoods'!J16="",Scale!$B$12,IFERROR(INDEX(Scale!$B$5:$B$10,MATCH('Check likelihoods'!J16,Scale!$A$5:$A$10,0)),Scale!$B$12)) -> 0.05 | K16: =IF('Check likelihoods'!K16="",Scale!$B$12,IFERROR(INDEX(Scale!$B$5:$B$10,MATCH('Check likelihoods'!K16,Scale!$A$5:$A$10,0)),Scale!$B$12)) -> 0.05 | ... W16: =IF('Check likelihoods'!W16="",Scale!$B$12,IFERROR(INDEX(Scale!$B$5:$B$10,MATCH('Check likelihoods'!W16,Scale!$A$5:$A$10,0)),Scale!$B$12)) -> 0.05
A17: ='Check likelihoods'!A17 -> C12 | B17: ='Check likelihoods'!B17 | C17: ='Check likelihoods'!C17 | D17: =IF('Check likelihoods'!D17="",Scale!$B$12,IFERROR(INDEX(Scale!$B$5:$B$10,MATCH('Check likelihoods'!D17,Scale!$A$5:$A$10,0)),Scale!$B$12)) -> 0.05 | E17: =IF('Check likelihoods'!E17="",Scale!$B$12,IFERROR(INDEX(Scale!$B$5:$B$10,MATCH('Check likelihoods'!E17,Scale!$A$5:$A$10,0)),Scale!$B$12)) -> 0.05 | F17: =IF('Check likelihoods'!F17="",Scale!$B$12,IFERROR(INDEX(Scale!$B$5:$B$10,MATCH('Check likelihoods'!F17,Scale!$A$5:$A$10,0)),Scale!$B$12)) -> 0.05 | G17: =IF('Check likelihoods'!G17="",Scale!$B$12,IFERROR(INDEX(Scale!$B$5:$B$10,MATCH('Check likelihoods'!G17,Scale!$A$5:$A$10,0)),Scale!$B$12)) -> 0.05 | H17: =IF('Check likelihoods'!H17="",Scale!$B$12,IFERROR(INDEX(Scale!$B$5:$B$10,MATCH('Check likelihoods'!H17,Scale!$A$5:$A$10,0)),Scale!$B$12)) -> 0.05 | I17: =IF('Check likelihoods'!I17="",Scale!$B$12,IFERROR(INDEX(Scale!$B$5:$B$10,MATCH('Check likelihoods'!I17,Scale!$A$5:$A$10,0)),Scale!$B$12)) -> 0.05 | J17: =IF('Check likelihoods'!J17="",Scale!$B$12,IFERROR(INDEX(Scale!$B$5:$B$10,MATCH('Check likelihoods'!J17,Scale!$A$5:$A$10,0)),Scale!$B$12)) -> 0.05 | K17: =IF('Check likelihoods'!K17="",Scale!$B$12,IFERROR(INDEX(Scale!$B$5:$B$10,MATCH('Check likelihoods'!K17,Scale!$A$5:$A$10,0)),Scale!$B$12)) -> 0.05 | ... W17: =IF('Check likelihoods'!W17="",Scale!$B$12,IFERROR(INDEX(Scale!$B$5:$B$10,MATCH('Check likelihoods'!W17,Scale!$A$5:$A$10,0)),Scale!$B$12)) -> 0.05
... A30: ='Check likelihoods'!A30 -> C25 | B30: ='Check likelihoods'!B30 | C30: ='Check likelihoods'!C30 | D30: =IF('Check likelihoods'!D30="",Scale!$B$12,IFERROR(INDEX(Scale!$B$5:$B$10,MATCH('Check likelihoods'!D30,Scale!$A$5:$A$10,0)),Scale!$B$12)) -> 0.05 | E30: =IF('Check likelihoods'!E30="",Scale!$B$12,IFERROR(INDEX(Scale!$B$5:$B$10,MATCH('Check likelihoods'!E30,Scale!$A$5:$A$10,0)),Scale!$B$12)) -> 0.05 | F30: =IF('Check likelihoods'!F30="",Scale!$B$12,IFERROR(INDEX(Scale!$B$5:$B$10,MATCH('Check likelihoods'!F30,Scale!$A$5:$A$10,0)),Scale!$B$12)) -> 0.05 | G30: =IF('Check likelihoods'!G30="",Scale!$B$12,IFERROR(INDEX(Scale!$B$5:$B$10,MATCH('Check likelihoods'!G30,Scale!$A$5:$A$10,0)),Scale!$B$12)) -> 0.05 | H30: =IF('Check likelihoods'!H30="",Scale!$B$12,IFERROR(INDEX(Scale!$B$5:$B$10,MATCH('Check likelihoods'!H30,Scale!$A$5:$A$10,0)),Scale!$B$12)) -> 0.05 | I30: =IF('Check likelihoods'!I30="",Scale!$B$12,IFERROR(INDEX(Scale!$B$5:$B$10,MATCH('Check likelihoods'!I30,Scale!$A$5:$A$10,0)),Scale!$B$12)) -> 0.05 | J30: =IF('Check likelihoods'!J30="",Scale!$B$12,IFERROR(INDEX(Scale!$B$5:$B$10,MATCH('Check likelihoods'!J30,Scale!$A$5:$A$10,0)),Scale!$B$12)) -> 0.05 | K30: =IF('Check likelihoods'!K30="",Scale!$B$12,IFERROR(INDEX(Scale!$B$5:$B$10,MATCH('Check likelihoods'!K30,Scale!$A$5:$A$10,0)),Scale!$B$12)) -> 0.05 | ... W30: =IF('Check likelihoods'!W30="",Scale!$B$12,IFERROR(INDEX(Scale!$B$5:$B$10,MATCH('Check likelihoods'!W30,Scale!$A$5:$A$10,0)),Scale!$B$12)) -> 0.05

Sheet Symptom probabilities
A1: Symptom probabilities (calculated)
A2: Calculated from 'Symptom likelihoods' and the Scale sheet. This is what the simulator reads. Do not edit.
A4: Cause ID | B4: Category | C4: Cause | D4: ='Symptom likelihoods'!D4 -> S01 | E4: ='Symptom likelihoods'!E4 -> S02 | F4: ='Symptom likelihoods'!F4 -> S03 | G4: ='Symptom likelihoods'!G4 -> S04 | H4: ='Symptom likelihoods'!H4 -> S05 | I4: ='Symptom likelihoods'!I4 -> S06 | J4: ='Symptom likelihoods'!J4 -> S07 | K4: ='Symptom likelihoods'!K4 -> S08 | ... R4: ='Symptom likelihoods'!R4 -> S15
A6: ='Symptom likelihoods'!A6 -> C01 | B6: ='Symptom likelihoods'!B6 | C6: ='Symptom likelihoods'!C6 | D6: =IF('Symptom likelihoods'!D6="",Scale!$B$12,IFERROR(INDEX(Scale!$B$5:$B$10,MATCH('Symptom likelihoods'!D6,Scale!$A$5:$A$10,0)),Scale!$B$12)) -> 0.05 | E6: =IF('Symptom likelihoods'!E6="",Scale!$B$12,IFERROR(INDEX(Scale!$B$5:$B$10,MATCH('Symptom likelihoods'!E6,Scale!$A$5:$A$10,0)),Scale!$B$12)) -> 0.05 | F6: =IF('Symptom likelihoods'!F6="",Scale!$B$12,IFERROR(INDEX(Scale!$B$5:$B$10,MATCH('Symptom likelihoods'!F6,Scale!$A$5:$A$10,0)),Scale!$B$12)) -> 0.05 | G6: =IF('Symptom likelihoods'!G6="",Scale!$B$12,IFERROR(INDEX(Scale!$B$5:$B$10,MATCH('Symptom likelihoods'!G6,Scale!$A$5:$A$10,0)),Scale!$B$12)) -> 0.05 | H6: =IF('Symptom likelihoods'!H6="",Scale!$B$12,IFERROR(INDEX(Scale!$B$5:$B$10,MATCH('Symptom likelihoods'!H6,Scale!$A$5:$A$10,0)),Scale!$B$12)) -> 0.05 | I6: =IF('Symptom likelihoods'!I6="",Scale!$B$12,IFERROR(INDEX(Scale!$B$5:$B$10,MATCH('Symptom likelihoods'!I6,Scale!$A$5:$A$10,0)),Scale!$B$12)) -> 0.05 | J6: =IF('Symptom likelihoods'!J6="",Scale!$B$12,IFERROR(INDEX(Scale!$B$5:$B$10,MATCH('Symptom likelihoods'!J6,Scale!$A$5:$A$10,0)),Scale!$B$12)) -> 0.05 | K6: =IF('Symptom likelihoods'!K6="",Scale!$B$12,IFERROR(INDEX(Scale!$B$5:$B$10,MATCH('Symptom likelihoods'!K6,Scale!$A$5:$A$10,0)),Scale!$B$12)) -> 0.05 | ... R6: =IF('Symptom likelihoods'!R6="",Scale!$B$12,IFERROR(INDEX(Scale!$B$5:$B$10,MATCH('Symptom likelihoods'!R6,Scale!$A$5:$A$10,0)),Scale!$B$12)) -> 0.05
A7: ='Symptom likelihoods'!A7 -> C02 | B7: ='Symptom likelihoods'!B7 | C7: ='Symptom likelihoods'!C7 | D7: =IF('Symptom likelihoods'!D7="",Scale!$B$12,IFERROR(INDEX(Scale!$B$5:$B$10,MATCH('Symptom likelihoods'!D7,Scale!$A$5:$A$10,0)),Scale!$B$12)) -> 0.05 | E7: =IF('Symptom likelihoods'!E7="",Scale!$B$12,IFERROR(INDEX(Scale!$B$5:$B$10,MATCH('Symptom likelihoods'!E7,Scale!$A$5:$A$10,0)),Scale!$B$12)) -> 0.05 | F7: =IF('Symptom likelihoods'!F7="",Scale!$B$12,IFERROR(INDEX(Scale!$B$5:$B$10,MATCH('Symptom likelihoods'!F7,Scale!$A$5:$A$10,0)),Scale!$B$12)) -> 0.05 | G7: =IF('Symptom likelihoods'!G7="",Scale!$B$12,IFERROR(INDEX(Scale!$B$5:$B$10,MATCH('Symptom likelihoods'!G7,Scale!$A$5:$A$10,0)),Scale!$B$12)) -> 0.05 | H7: =IF('Symptom likelihoods'!H7="",Scale!$B$12,IFERROR(INDEX(Scale!$B$5:$B$10,MATCH('Symptom likelihoods'!H7,Scale!$A$5:$A$10,0)),Scale!$B$12)) -> 0.05 | I7: =IF('Symptom likelihoods'!I7="",Scale!$B$12,IFERROR(INDEX(Scale!$B$5:$B$10,MATCH('Symptom likelihoods'!I7,Scale!$A$5:$A$10,0)),Scale!$B$12)) -> 0.05 | J7: =IF('Symptom likelihoods'!J7="",Scale!$B$12,IFERROR(INDEX(Scale!$B$5:$B$10,MATCH('Symptom likelihoods'!J7,Scale!$A$5:$A$10,0)),Scale!$B$12)) -> 0.05 | K7: =IF('Symptom likelihoods'!K7="",Scale!$B$12,IFERROR(INDEX(Scale!$B$5:$B$10,MATCH('Symptom likelihoods'!K7,Scale!$A$5:$A$10,0)),Scale!$B$12)) -> 0.05 | ... R7: =IF('Symptom likelihoods'!R7="",Scale!$B$12,IFERROR(INDEX(Scale!$B$5:$B$10,MATCH('Symptom likelihoods'!R7,Scale!$A$5:$A$10,0)),Scale!$B$12)) -> 0.05
A8: ='Symptom likelihoods'!A8 -> C03 | B8: ='Symptom likelihoods'!B8 | C8: ='Symptom likelihoods'!C8 | D8: =IF('Symptom likelihoods'!D8="",Scale!$B$12,IFERROR(INDEX(Scale!$B$5:$B$10,MATCH('Symptom likelihoods'!D8,Scale!$A$5:$A$10,0)),Scale!$B$12)) -> 0.05 | E8: =IF('Symptom likelihoods'!E8="",Scale!$B$12,IFERROR(INDEX(Scale!$B$5:$B$10,MATCH('Symptom likelihoods'!E8,Scale!$A$5:$A$10,0)),Scale!$B$12)) -> 0.05 | F8: =IF('Symptom likelihoods'!F8="",Scale!$B$12,IFERROR(INDEX(Scale!$B$5:$B$10,MATCH('Symptom likelihoods'!F8,Scale!$A$5:$A$10,0)),Scale!$B$12)) -> 0.05 | G8: =IF('Symptom likelihoods'!G8="",Scale!$B$12,IFERROR(INDEX(Scale!$B$5:$B$10,MATCH('Symptom likelihoods'!G8,Scale!$A$5:$A$10,0)),Scale!$B$12)) -> 0.05 | H8: =IF('Symptom likelihoods'!H8="",Scale!$B$12,IFERROR(INDEX(Scale!$B$5:$B$10,MATCH('Symptom likelihoods'!H8,Scale!$A$5:$A$10,0)),Scale!$B$12)) -> 0.05 | I8: =IF('Symptom likelihoods'!I8="",Scale!$B$12,IFERROR(INDEX(Scale!$B$5:$B$10,MATCH('Symptom likelihoods'!I8,Scale!$A$5:$A$10,0)),Scale!$B$12)) -> 0.05 | J8: =IF('Symptom likelihoods'!J8="",Scale!$B$12,IFERROR(INDEX(Scale!$B$5:$B$10,MATCH('Symptom likelihoods'!J8,Scale!$A$5:$A$10,0)),Scale!$B$12)) -> 0.05 | K8: =IF('Symptom likelihoods'!K8="",Scale!$B$12,IFERROR(INDEX(Scale!$B$5:$B$10,MATCH('Symptom likelihoods'!K8,Scale!$A$5:$A$10,0)),Scale!$B$12)) -> 0.05 | ... R8: =IF('Symptom likelihoods'!R8="",Scale!$B$12,IFERROR(INDEX(Scale!$B$5:$B$10,MATCH('Symptom likelihoods'!R8,Scale!$A$5:$A$10,0)),Scale!$B$12)) -> 0.05
A9: ='Symptom likelihoods'!A9 -> C04 | B9: ='Symptom likelihoods'!B9 | C9: ='Symptom likelihoods'!C9 | D9: =IF('Symptom likelihoods'!D9="",Scale!$B$12,IFERROR(INDEX(Scale!$B$5:$B$10,MATCH('Symptom likelihoods'!D9,Scale!$A$5:$A$10,0)),Scale!$B$12)) -> 0.05 | E9: =IF('Symptom likelihoods'!E9="",Scale!$B$12,IFERROR(INDEX(Scale!$B$5:$B$10,MATCH('Symptom likelihoods'!E9,Scale!$A$5:$A$10,0)),Scale!$B$12)) -> 0.05 | F9: =IF('Symptom likelihoods'!F9="",Scale!$B$12,IFERROR(INDEX(Scale!$B$5:$B$10,MATCH('Symptom likelihoods'!F9,Scale!$A$5:$A$10,0)),Scale!$B$12)) -> 0.05 | G9: =IF('Symptom likelihoods'!G9="",Scale!$B$12,IFERROR(INDEX(Scale!$B$5:$B$10,MATCH('Symptom likelihoods'!G9,Scale!$A$5:$A$10,0)),Scale!$B$12)) -> 0.05 | H9: =IF('Symptom likelihoods'!H9="",Scale!$B$12,IFERROR(INDEX(Scale!$B$5:$B$10,MATCH('Symptom likelihoods'!H9,Scale!$A$5:$A$10,0)),Scale!$B$12)) -> 0.05 | I9: =IF('Symptom likelihoods'!I9="",Scale!$B$12,IFERROR(INDEX(Scale!$B$5:$B$10,MATCH('Symptom likelihoods'!I9,Scale!$A$5:$A$10,0)),Scale!$B$12)) -> 0.05 | J9: =IF('Symptom likelihoods'!J9="",Scale!$B$12,IFERROR(INDEX(Scale!$B$5:$B$10,MATCH('Symptom likelihoods'!J9,Scale!$A$5:$A$10,0)),Scale!$B$12)) -> 0.05 | K9: =IF('Symptom likelihoods'!K9="",Scale!$B$12,IFERROR(INDEX(Scale!$B$5:$B$10,MATCH('Symptom likelihoods'!K9,Scale!$A$5:$A$10,0)),Scale!$B$12)) -> 0.05 | ... R9: =IF('Symptom likelihoods'!R9="",Scale!$B$12,IFERROR(INDEX(Scale!$B$5:$B$10,MATCH('Symptom likelihoods'!R9,Scale!$A$5:$A$10,0)),Scale!$B$12)) -> 0.05
A10: ='Symptom likelihoods'!A10 -> C05 | B10: ='Symptom likelihoods'!B10 | C10: ='Symptom likelihoods'!C10 | D10: =IF('Symptom likelihoods'!D10="",Scale!$B$12,IFERROR(INDEX(Scale!$B$5:$B$10,MATCH('Symptom likelihoods'!D10,Scale!$A$5:$A$10,0)),Scale!$B$12)) -> 0.05 | E10: =IF('Symptom likelihoods'!E10="",Scale!$B$12,IFERROR(INDEX(Scale!$B$5:$B$10,MATCH('Symptom likelihoods'!E10,Scale!$A$5:$A$10,0)),Scale!$B$12)) -> 0.05 | F10: =IF('Symptom likelihoods'!F10="",Scale!$B$12,IFERROR(INDEX(Scale!$B$5:$B$10,MATCH('Symptom likelihoods'!F10,Scale!$A$5:$A$10,0)),Scale!$B$12)) -> 0.05 | G10: =IF('Symptom likelihoods'!G10="",Scale!$B$12,IFERROR(INDEX(Scale!$B$5:$B$10,MATCH('Symptom likelihoods'!G10,Scale!$A$5:$A$10,0)),Scale!$B$12)) -> 0.05 | H10: =IF('Symptom likelihoods'!H10="",Scale!$B$12,IFERROR(INDEX(Scale!$B$5:$B$10,MATCH('Symptom likelihoods'!H10,Scale!$A$5:$A$10,0)),Scale!$B$12)) -> 0.05 | I10: =IF('Symptom likelihoods'!I10="",Scale!$B$12,IFERROR(INDEX(Scale!$B$5:$B$10,MATCH('Symptom likelihoods'!I10,Scale!$A$5:$A$10,0)),Scale!$B$12)) -> 0.05 | J10: =IF('Symptom likelihoods'!J10="",Scale!$B$12,IFERROR(INDEX(Scale!$B$5:$B$10,MATCH('Symptom likelihoods'!J10,Scale!$A$5:$A$10,0)),Scale!$B$12)) -> 0.05 | K10: =IF('Symptom likelihoods'!K10="",Scale!$B$12,IFERROR(INDEX(Scale!$B$5:$B$10,MATCH('Symptom likelihoods'!K10,Scale!$A$5:$A$10,0)),Scale!$B$12)) -> 0.05 | ... R10: =IF('Symptom likelihoods'!R10="",Scale!$B$12,IFERROR(INDEX(Scale!$B$5:$B$10,MATCH('Symptom likelihoods'!R10,Scale!$A$5:$A$10,0)),Scale!$B$12)) -> 0.05
A11: ='Symptom likelihoods'!A11 -> C06 | B11: ='Symptom likelihoods'!B11 | C11: ='Symptom likelihoods'!C11 | D11: =IF('Symptom likelihoods'!D11="",Scale!$B$12,IFERROR(INDEX(Scale!$B$5:$B$10,MATCH('Symptom likelihoods'!D11,Scale!$A$5:$A$10,0)),Scale!$B$12)) -> 0.05 | E11: =IF('Symptom likelihoods'!E11="",Scale!$B$12,IFERROR(INDEX(Scale!$B$5:$B$10,MATCH('Symptom likelihoods'!E11,Scale!$A$5:$A$10,0)),Scale!$B$12)) -> 0.05 | F11: =IF('Symptom likelihoods'!F11="",Scale!$B$12,IFERROR(INDEX(Scale!$B$5:$B$10,MATCH('Symptom likelihoods'!F11,Scale!$A$5:$A$10,0)),Scale!$B$12)) -> 0.05 | G11: =IF('Symptom likelihoods'!G11="",Scale!$B$12,IFERROR(INDEX(Scale!$B$5:$B$10,MATCH('Symptom likelihoods'!G11,Scale!$A$5:$A$10,0)),Scale!$B$12)) -> 0.05 | H11: =IF('Symptom likelihoods'!H11="",Scale!$B$12,IFERROR(INDEX(Scale!$B$5:$B$10,MATCH('Symptom likelihoods'!H11,Scale!$A$5:$A$10,0)),Scale!$B$12)) -> 0.05 | I11: =IF('Symptom likelihoods'!I11="",Scale!$B$12,IFERROR(INDEX(Scale!$B$5:$B$10,MATCH('Symptom likelihoods'!I11,Scale!$A$5:$A$10,0)),Scale!$B$12)) -> 0.05 | J11: =IF('Symptom likelihoods'!J11="",Scale!$B$12,IFERROR(INDEX(Scale!$B$5:$B$10,MATCH('Symptom likelihoods'!J11,Scale!$A$5:$A$10,0)),Scale!$B$12)) -> 0.05 | K11: =IF('Symptom likelihoods'!K11="",Scale!$B$12,IFERROR(INDEX(Scale!$B$5:$B$10,MATCH('Symptom likelihoods'!K11,Scale!$A$5:$A$10,0)),Scale!$B$12)) -> 0.05 | ... R11: =IF('Symptom likelihoods'!R11="",Scale!$B$12,IFERROR(INDEX(Scale!$B$5:$B$10,MATCH('Symptom likelihoods'!R11,Scale!$A$5:$A$10,0)),Scale!$B$12)) -> 0.05
A12: ='Symptom likelihoods'!A12 -> C07 | B12: ='Symptom likelihoods'!B12 | C12: ='Symptom likelihoods'!C12 | D12: =IF('Symptom likelihoods'!D12="",Scale!$B$12,IFERROR(INDEX(Scale!$B$5:$B$10,MATCH('Symptom likelihoods'!D12,Scale!$A$5:$A$10,0)),Scale!$B$12)) -> 0.05 | E12: =IF('Symptom likelihoods'!E12="",Scale!$B$12,IFERROR(INDEX(Scale!$B$5:$B$10,MATCH('Symptom likelihoods'!E12,Scale!$A$5:$A$10,0)),Scale!$B$12)) -> 0.05 | F12: =IF('Symptom likelihoods'!F12="",Scale!$B$12,IFERROR(INDEX(Scale!$B$5:$B$10,MATCH('Symptom likelihoods'!F12,Scale!$A$5:$A$10,0)),Scale!$B$12)) -> 0.05 | G12: =IF('Symptom likelihoods'!G12="",Scale!$B$12,IFERROR(INDEX(Scale!$B$5:$B$10,MATCH('Symptom likelihoods'!G12,Scale!$A$5:$A$10,0)),Scale!$B$12)) -> 0.05 | H12: =IF('Symptom likelihoods'!H12="",Scale!$B$12,IFERROR(INDEX(Scale!$B$5:$B$10,MATCH('Symptom likelihoods'!H12,Scale!$A$5:$A$10,0)),Scale!$B$12)) -> 0.05 | I12: =IF('Symptom likelihoods'!I12="",Scale!$B$12,IFERROR(INDEX(Scale!$B$5:$B$10,MATCH('Symptom likelihoods'!I12,Scale!$A$5:$A$10,0)),Scale!$B$12)) -> 0.05 | J12: =IF('Symptom likelihoods'!J12="",Scale!$B$12,IFERROR(INDEX(Scale!$B$5:$B$10,MATCH('Symptom likelihoods'!J12,Scale!$A$5:$A$10,0)),Scale!$B$12)) -> 0.05 | K12: =IF('Symptom likelihoods'!K12="",Scale!$B$12,IFERROR(INDEX(Scale!$B$5:$B$10,MATCH('Symptom likelihoods'!K12,Scale!$A$5:$A$10,0)),Scale!$B$12)) -> 0.05 | ... R12: =IF('Symptom likelihoods'!R12="",Scale!$B$12,IFERROR(INDEX(Scale!$B$5:$B$10,MATCH('Symptom likelihoods'!R12,Scale!$A$5:$A$10,0)),Scale!$B$12)) -> 0.05
A13: ='Symptom likelihoods'!A13 -> C08 | B13: ='Symptom likelihoods'!B13 | C13: ='Symptom likelihoods'!C13 | D13: =IF('Symptom likelihoods'!D13="",Scale!$B$12,IFERROR(INDEX(Scale!$B$5:$B$10,MATCH('Symptom likelihoods'!D13,Scale!$A$5:$A$10,0)),Scale!$B$12)) -> 0.05 | E13: =IF('Symptom likelihoods'!E13="",Scale!$B$12,IFERROR(INDEX(Scale!$B$5:$B$10,MATCH('Symptom likelihoods'!E13,Scale!$A$5:$A$10,0)),Scale!$B$12)) -> 0.05 | F13: =IF('Symptom likelihoods'!F13="",Scale!$B$12,IFERROR(INDEX(Scale!$B$5:$B$10,MATCH('Symptom likelihoods'!F13,Scale!$A$5:$A$10,0)),Scale!$B$12)) -> 0.05 | G13: =IF('Symptom likelihoods'!G13="",Scale!$B$12,IFERROR(INDEX(Scale!$B$5:$B$10,MATCH('Symptom likelihoods'!G13,Scale!$A$5:$A$10,0)),Scale!$B$12)) -> 0.05 | H13: =IF('Symptom likelihoods'!H13="",Scale!$B$12,IFERROR(INDEX(Scale!$B$5:$B$10,MATCH('Symptom likelihoods'!H13,Scale!$A$5:$A$10,0)),Scale!$B$12)) -> 0.05 | I13: =IF('Symptom likelihoods'!I13="",Scale!$B$12,IFERROR(INDEX(Scale!$B$5:$B$10,MATCH('Symptom likelihoods'!I13,Scale!$A$5:$A$10,0)),Scale!$B$12)) -> 0.05 | J13: =IF('Symptom likelihoods'!J13="",Scale!$B$12,IFERROR(INDEX(Scale!$B$5:$B$10,MATCH('Symptom likelihoods'!J13,Scale!$A$5:$A$10,0)),Scale!$B$12)) -> 0.05 | K13: =IF('Symptom likelihoods'!K13="",Scale!$B$12,IFERROR(INDEX(Scale!$B$5:$B$10,MATCH('Symptom likelihoods'!K13,Scale!$A$5:$A$10,0)),Scale!$B$12)) -> 0.05 | ... R13: =IF('Symptom likelihoods'!R13="",Scale!$B$12,IFERROR(INDEX(Scale!$B$5:$B$10,MATCH('Symptom likelihoods'!R13,Scale!$A$5:$A$10,0)),Scale!$B$12)) -> 0.05
A14: ='Symptom likelihoods'!A14 -> C09 | B14: ='Symptom likelihoods'!B14 | C14: ='Symptom likelihoods'!C14 | D14: =IF('Symptom likelihoods'!D14="",Scale!$B$12,IFERROR(INDEX(Scale!$B$5:$B$10,MATCH('Symptom likelihoods'!D14,Scale!$A$5:$A$10,0)),Scale!$B$12)) -> 0.05 | E14: =IF('Symptom likelihoods'!E14="",Scale!$B$12,IFERROR(INDEX(Scale!$B$5:$B$10,MATCH('Symptom likelihoods'!E14,Scale!$A$5:$A$10,0)),Scale!$B$12)) -> 0.05 | F14: =IF('Symptom likelihoods'!F14="",Scale!$B$12,IFERROR(INDEX(Scale!$B$5:$B$10,MATCH('Symptom likelihoods'!F14,Scale!$A$5:$A$10,0)),Scale!$B$12)) -> 0.05 | G14: =IF('Symptom likelihoods'!G14="",Scale!$B$12,IFERROR(INDEX(Scale!$B$5:$B$10,MATCH('Symptom likelihoods'!G14,Scale!$A$5:$A$10,0)),Scale!$B$12)) -> 0.05 | H14: =IF('Symptom likelihoods'!H14="",Scale!$B$12,IFERROR(INDEX(Scale!$B$5:$B$10,MATCH('Symptom likelihoods'!H14,Scale!$A$5:$A$10,0)),Scale!$B$12)) -> 0.05 | I14: =IF('Symptom likelihoods'!I14="",Scale!$B$12,IFERROR(INDEX(Scale!$B$5:$B$10,MATCH('Symptom likelihoods'!I14,Scale!$A$5:$A$10,0)),Scale!$B$12)) -> 0.05 | J14: =IF('Symptom likelihoods'!J14="",Scale!$B$12,IFERROR(INDEX(Scale!$B$5:$B$10,MATCH('Symptom likelihoods'!J14,Scale!$A$5:$A$10,0)),Scale!$B$12)) -> 0.05 | K14: =IF('Symptom likelihoods'!K14="",Scale!$B$12,IFERROR(INDEX(Scale!$B$5:$B$10,MATCH('Symptom likelihoods'!K14,Scale!$A$5:$A$10,0)),Scale!$B$12)) -> 0.05 | ... R14: =IF('Symptom likelihoods'!R14="",Scale!$B$12,IFERROR(INDEX(Scale!$B$5:$B$10,MATCH('Symptom likelihoods'!R14,Scale!$A$5:$A$10,0)),Scale!$B$12)) -> 0.05
A15: ='Symptom likelihoods'!A15 -> C10 | B15: ='Symptom likelihoods'!B15 | C15: ='Symptom likelihoods'!C15 | D15: =IF('Symptom likelihoods'!D15="",Scale!$B$12,IFERROR(INDEX(Scale!$B$5:$B$10,MATCH('Symptom likelihoods'!D15,Scale!$A$5:$A$10,0)),Scale!$B$12)) -> 0.05 | E15: =IF('Symptom likelihoods'!E15="",Scale!$B$12,IFERROR(INDEX(Scale!$B$5:$B$10,MATCH('Symptom likelihoods'!E15,Scale!$A$5:$A$10,0)),Scale!$B$12)) -> 0.05 | F15: =IF('Symptom likelihoods'!F15="",Scale!$B$12,IFERROR(INDEX(Scale!$B$5:$B$10,MATCH('Symptom likelihoods'!F15,Scale!$A$5:$A$10,0)),Scale!$B$12)) -> 0.05 | G15: =IF('Symptom likelihoods'!G15="",Scale!$B$12,IFERROR(INDEX(Scale!$B$5:$B$10,MATCH('Symptom likelihoods'!G15,Scale!$A$5:$A$10,0)),Scale!$B$12)) -> 0.05 | H15: =IF('Symptom likelihoods'!H15="",Scale!$B$12,IFERROR(INDEX(Scale!$B$5:$B$10,MATCH('Symptom likelihoods'!H15,Scale!$A$5:$A$10,0)),Scale!$B$12)) -> 0.05 | I15: =IF('Symptom likelihoods'!I15="",Scale!$B$12,IFERROR(INDEX(Scale!$B$5:$B$10,MATCH('Symptom likelihoods'!I15,Scale!$A$5:$A$10,0)),Scale!$B$12)) -> 0.05 | J15: =IF('Symptom likelihoods'!J15="",Scale!$B$12,IFERROR(INDEX(Scale!$B$5:$B$10,MATCH('Symptom likelihoods'!J15,Scale!$A$5:$A$10,0)),Scale!$B$12)) -> 0.05 | K15: =IF('Symptom likelihoods'!K15="",Scale!$B$12,IFERROR(INDEX(Scale!$B$5:$B$10,MATCH('Symptom likelihoods'!K15,Scale!$A$5:$A$10,0)),Scale!$B$12)) -> 0.05 | ... R15: =IF('Symptom likelihoods'!R15="",Scale!$B$12,IFERROR(INDEX(Scale!$B$5:$B$10,MATCH('Symptom likelihoods'!R15,Scale!$A$5:$A$10,0)),Scale!$B$12)) -> 0.05
A16: ='Symptom likelihoods'!A16 -> C11 | B16: ='Symptom likelihoods'!B16 | C16: ='Symptom likelihoods'!C16 | D16: =IF('Symptom likelihoods'!D16="",Scale!$B$12,IFERROR(INDEX(Scale!$B$5:$B$10,MATCH('Symptom likelihoods'!D16,Scale!$A$5:$A$10,0)),Scale!$B$12)) -> 0.05 | E16: =IF('Symptom likelihoods'!E16="",Scale!$B$12,IFERROR(INDEX(Scale!$B$5:$B$10,MATCH('Symptom likelihoods'!E16,Scale!$A$5:$A$10,0)),Scale!$B$12)) -> 0.05 | F16: =IF('Symptom likelihoods'!F16="",Scale!$B$12,IFERROR(INDEX(Scale!$B$5:$B$10,MATCH('Symptom likelihoods'!F16,Scale!$A$5:$A$10,0)),Scale!$B$12)) -> 0.05 | G16: =IF('Symptom likelihoods'!G16="",Scale!$B$12,IFERROR(INDEX(Scale!$B$5:$B$10,MATCH('Symptom likelihoods'!G16,Scale!$A$5:$A$10,0)),Scale!$B$12)) -> 0.05 | H16: =IF('Symptom likelihoods'!H16="",Scale!$B$12,IFERROR(INDEX(Scale!$B$5:$B$10,MATCH('Symptom likelihoods'!H16,Scale!$A$5:$A$10,0)),Scale!$B$12)) -> 0.05 | I16: =IF('Symptom likelihoods'!I16="",Scale!$B$12,IFERROR(INDEX(Scale!$B$5:$B$10,MATCH('Symptom likelihoods'!I16,Scale!$A$5:$A$10,0)),Scale!$B$12)) -> 0.05 | J16: =IF('Symptom likelihoods'!J16="",Scale!$B$12,IFERROR(INDEX(Scale!$B$5:$B$10,MATCH('Symptom likelihoods'!J16,Scale!$A$5:$A$10,0)),Scale!$B$12)) -> 0.05 | K16: =IF('Symptom likelihoods'!K16="",Scale!$B$12,IFERROR(INDEX(Scale!$B$5:$B$10,MATCH('Symptom likelihoods'!K16,Scale!$A$5:$A$10,0)),Scale!$B$12)) -> 0.05 | ... R16: =IF('Symptom likelihoods'!R16="",Scale!$B$12,IFERROR(INDEX(Scale!$B$5:$B$10,MATCH('Symptom likelihoods'!R16,Scale!$A$5:$A$10,0)),Scale!$B$12)) -> 0.05
A17: ='Symptom likelihoods'!A17 -> C12 | B17: ='Symptom likelihoods'!B17 | C17: ='Symptom likelihoods'!C17 | D17: =IF('Symptom likelihoods'!D17="",Scale!$B$12,IFERROR(INDEX(Scale!$B$5:$B$10,MATCH('Symptom likelihoods'!D17,Scale!$A$5:$A$10,0)),Scale!$B$12)) -> 0.05 | E17: =IF('Symptom likelihoods'!E17="",Scale!$B$12,IFERROR(INDEX(Scale!$B$5:$B$10,MATCH('Symptom likelihoods'!E17,Scale!$A$5:$A$10,0)),Scale!$B$12)) -> 0.05 | F17: =IF('Symptom likelihoods'!F17="",Scale!$B$12,IFERROR(INDEX(Scale!$B$5:$B$10,MATCH('Symptom likelihoods'!F17,Scale!$A$5:$A$10,0)),Scale!$B$12)) -> 0.05 | G17: =IF('Symptom likelihoods'!G17="",Scale!$B$12,IFERROR(INDEX(Scale!$B$5:$B$10,MATCH('Symptom likelihoods'!G17,Scale!$A$5:$A$10,0)),Scale!$B$12)) -> 0.05 | H17: =IF('Symptom likelihoods'!H17="",Scale!$B$12,IFERROR(INDEX(Scale!$B$5:$B$10,MATCH('Symptom likelihoods'!H17,Scale!$A$5:$A$10,0)),Scale!$B$12)) -> 0.05 | I17: =IF('Symptom likelihoods'!I17="",Scale!$B$12,IFERROR(INDEX(Scale!$B$5:$B$10,MATCH('Symptom likelihoods'!I17,Scale!$A$5:$A$10,0)),Scale!$B$12)) -> 0.05 | J17: =IF('Symptom likelihoods'!J17="",Scale!$B$12,IFERROR(INDEX(Scale!$B$5:$B$10,MATCH('Symptom likelihoods'!J17,Scale!$A$5:$A$10,0)),Scale!$B$12)) -> 0.05 | K17: =IF('Symptom likelihoods'!K17="",Scale!$B$12,IFERROR(INDEX(Scale!$B$5:$B$10,MATCH('Symptom likelihoods'!K17,Scale!$A$5:$A$10,0)),Scale!$B$12)) -> 0.05 | ... R17: =IF('Symptom likelihoods'!R17="",Scale!$B$12,IFERROR(INDEX(Scale!$B$5:$B$10,MATCH('Symptom likelihoods'!R17,Scale!$A$5:$A$10,0)),Scale!$B$12)) -> 0.05
... A30: ='Symptom likelihoods'!A30 -> C25 | B30: ='Symptom likelihoods'!B30 | C30: ='Symptom likelihoods'!C30 | D30: =IF('Symptom likelihoods'!D30="",Scale!$B$12,IFERROR(INDEX(Scale!$B$5:$B$10,MATCH('Symptom likelihoods'!D30,Scale!$A$5:$A$10,0)),Scale!$B$12)) -> 0.05 | E30: =IF('Symptom likelihoods'!E30="",Scale!$B$12,IFERROR(INDEX(Scale!$B$5:$B$10,MATCH('Symptom likelihoods'!E30,Scale!$A$5:$A$10,0)),Scale!$B$12)) -> 0.05 | F30: =IF('Symptom likelihoods'!F30="",Scale!$B$12,IFERROR(INDEX(Scale!$B$5:$B$10,MATCH('Symptom likelihoods'!F30,Scale!$A$5:$A$10,0)),Scale!$B$12)) -> 0.05 | G30: =IF('Symptom likelihoods'!G30="",Scale!$B$12,IFERROR(INDEX(Scale!$B$5:$B$10,MATCH('Symptom likelihoods'!G30,Scale!$A$5:$A$10,0)),Scale!$B$12)) -> 0.05 | H30: =IF('Symptom likelihoods'!H30="",Scale!$B$12,IFERROR(INDEX(Scale!$B$5:$B$10,MATCH('Symptom likelihoods'!H30,Scale!$A$5:$A$10,0)),Scale!$B$12)) -> 0.05 | I30: =IF('Symptom likelihoods'!I30="",Scale!$B$12,IFERROR(INDEX(Scale!$B$5:$B$10,MATCH('Symptom likelihoods'!I30,Scale!$A$5:$A$10,0)),Scale!$B$12)) -> 0.05 | J30: =IF('Symptom likelihoods'!J30="",Scale!$B$12,IFERROR(INDEX(Scale!$B$5:$B$10,MATCH('Symptom likelihoods'!J30,Scale!$A$5:$A$10,0)),Scale!$B$12)) -> 0.05 | K30: =IF('Symptom likelihoods'!K30="",Scale!$B$12,IFERROR(INDEX(Scale!$B$5:$B$10,MATCH('Symptom likelihoods'!K30,Scale!$A$5:$A$10,0)),Scale!$B$12)) -> 0.05 | ... R30: =IF('Symptom likelihoods'!R30="",Scale!$B$12,IFERROR(INDEX(Scale!$B$5:$B$10,MATCH('Symptom likelihoods'!R30,Scale!$A$5:$A$10,0)),Scale!$B$12)) -> 0.05

Sheet Rules
A1: 7. Operational rules (10)
A2: Each rule forbids an action under a condition, optionally until a named check has been observed. Escalation is never forbidden.
A4: Rule ID | B4: Forbidden action (remedy) | C4: When (context condition) | D4: Unless this check has been observed (optional) | E4: Rule as a sentence (calculated) | F4: Reason for the rule | G4: Source | H4: Notes
A5: EXAMPLE | B5: Restart database service | C5: Affected system is production | D5: D07 Replication status | E5: Do not: Restart database service when Affected system is production unless D07 Replication status has been observed | F5: Avoid data loss on live systems | G5: Change policy
A6: R01 | E6: =IF(B6="","","Do not: "&B6&IF(C6="",""," when "&C6)&IF(D6="",""," unless "&D6&" has been observed"))
A7: R02 | E7: =IF(B7="","","Do not: "&B7&IF(C7="",""," when "&C7)&IF(D7="",""," unless "&D7&" has been observed"))
A8: R03 | E8: =IF(B8="","","Do not: "&B8&IF(C8="",""," when "&C8)&IF(D8="",""," unless "&D8&" has been observed"))
A9: R04 | E9: =IF(B9="","","Do not: "&B9&IF(C9="",""," when "&C9)&IF(D9="",""," unless "&D9&" has been observed"))
A10: R05 | E10: =IF(B10="","","Do not: "&B10&IF(C10="",""," when "&C10)&IF(D10="",""," unless "&D10&" has been observed"))
A11: R06 | E11: =IF(B11="","","Do not: "&B11&IF(C11="",""," when "&C11)&IF(D11="",""," unless "&D11&" has been observed"))
A12: R07 | E12: =IF(B12="","","Do not: "&B12&IF(C12="",""," when "&C12)&IF(D12="",""," unless "&D12&" has been observed"))
A13: R08 | E13: =IF(B13="","","Do not: "&B13&IF(C13="",""," when "&C13)&IF(D13="",""," unless "&D13&" has been observed"))
A14: R09 | E14: =IF(B14="","","Do not: "&B14&IF(C14="",""," when "&C14)&IF(D14="",""," unless "&D14&" has been observed"))
A15: R10 | E15: =IF(B15="","","Do not: "&B15&IF(C15="",""," when "&C15)&IF(D15="",""," unless "&D15&" has been observed"))

Sheet Costs (optional)
A1: 8. Costs (optional)
A2: Guides the reward values (correct > escalate > wrong). Rough answers are fine; the researcher fixes the values in pilot runs.
A4: Item | B4: Answer | C4: Unit / format | D4: Source | E4: Notes
A6: Technician time to handle an escalated incident | C6: minutes
A7: Typical consequence of applying the wrong remedy | C7: description
A8: How much worse a wrong remedy is than an escalation | C8: e.g. 2x, 5x, 10x
A9: Delay before an escalated incident is picked up | C9: minutes
A10: Anything else that makes escalation or a wrong fix costly | C10: description
